Job_Titles,Job_category
Chief marketing officer,CXO
Director of Software Development,CXO
Chief Operations Officer,CXO
Chief Software Officer,CXO
Chief Information Security Officer,CXO
Chief Finance officer,CXO
CEO,CXO
Chief Executive Officer,CXO
President & CEO,CXO
Managing Director,CXO
Chairman,CXO
Founder,CXO
Chief Digital Officer,CXO
Chief Innovation Officer,CXO
Chief Technology Officer,CXO
Chief Operating Officer,CXO
Chief Information Officer,CXO
Chief Product Officer,CXO
Chief Strategy Officer,CXO
Global CEO,CXO
Group CEO,CXO
Regional CEO,CXO
Divisional CEO,CXO
Chief Transformation Officer,CXO
Chief Data Officer,CXO
Chief Analytics Officer,CXO
Chief Cybersecurity Officer,CXO
Chief AI Officer,CXO
Chief Blockchain Officer,CXO
Chief Cloud Officer,CXO
Chief Customer Officer,CXO
Chief Financial Officer,CXO
Chief HR Officer,CXO
Chief Legal Officer,CXO
Chief Sustainability Officer,CXO
HR Coordinator,Human Resource
Payroll Coordinator,Human Resource
Recruiting Coordinator,Human Resource
HR Specialist,Human Resource
HR Generalist,Human Resource
Recruiter,Human Resource
Human Resource Information Specialist,Human Resource
HR Manager,Human Resource
Recruiting Manager,Human Resource
HR Business Partner,Human Resource
HR Director,Human Resource
Recruiting Director,Human Resource
VP of HR,Human Resource
Chief Human Resource Officer,Human Resource
Career Consultant,Human Resource
Career Advisor,Human Resource
Assignment Coordinator,Human Resource
Placement Coordinator,Human Resource
Career Development Strategist,Human Resource
Personnel Agent,Human Resource
Human Resources Officer,Human Resource
Director of Human Resources,Human Resource
VP of Human Resources,Human Resource
Chief Human Resources Officer (CHRO),Human Resource
Talent Acquisition Manager,Human Resource
Recruitment Specialist,Human Resource
Employee Relations Manager,Human Resource
Compensation and Benefits Manager,Human Resource
Learning and Development Manager,Human Resource
HR Operations Manager,Human Resource
HRIS Manager,Human Resource
"Diversity, Equity, and Inclusion (DEI) Manager",Human Resource
Performance Management Specialist,Human Resource
Onboarding Specialist,Human Resource
Workforce Planning Manager,Human Resource
Succession Planning Manager,Human Resource
HR Consultant,Human Resource
Employer Branding Manager,Human Resource
Talent Management Specialist,Human Resource
People Analytics Manager,Human Resource
Change Management Specialist,Human Resource
Leadership Development Manager,Human Resource
Sales Representative,Sales
Account Manager,Sales
Sales Executive,Sales
Business Development Manager,Sales
Account Executive,Sales
Sales Manager,Sales
Sales Director,Sales
Regional Sales Manager,Sales
Inside Sales Representative,Sales
Outside Sales Representative,Sales
Sales Coordinator,Sales
Sales Administrator,Sales
Sales Operations Manager,Sales
Channel Sales Manager,Sales
Enterprise Sales Manager,Sales
Sales Engineer,Sales
Technical Sales Engineer,Sales
Pre-Sales Engineer,Sales
Solutions Architect,Sales
Partner Manager,Sales
Sales Analyst,Sales
Sales Trainer,Sales
Sales Enablement Manager,Sales
Sales Operations Analyst,Sales
Business Development Executive,Sales
Sales Development Representative,Sales
Strategic Account Manager,Sales
Partner Sales Manager,Sales
Channel Account Manager,Sales
Sales and Marketing Manager,Sales
Sales and Marketing Coordinator,Sales
Sales and Marketing Analyst,Sales
Sales and Marketing Director,Sales
Director of Business Development,Sales
Sales Enablement Coordinator,Sales
Sales Support Specialist,Sales
Sales Account Coordinator,Sales
Sales Account Specialist,Sales
Sales Account Executive,Sales
Sales Account Manager,Sales
Sales Account Director,Sales
Sales Development Manager,Sales
Sales Development Director,Sales
Head of Sales,Sales
VP of Sales,Sales
Director of Sales Operations,Sales
Sales Strategy Manager,Sales
Sales Strategy Director,Sales
Pre-Sales Customer Technology Strategist,Sales
Sales Associate,Sales
Sales Representative,Sales
Sales Manager,Sales
Retail Worker,Sales
Area Sales Manager,Sales
Direct Salesperson,Sales
Outside Sales Manager,Sales
B2B Sales Specialist,Sales
Director of marketing,Marketing
Marketing analyst,Marketing
Marketing coordinator,Marketing
Marketing consultant,Marketing
Marketing manager,Marketing
Marketing and promotions manager,Marketing
Marketing specialist,Marketing
Vice president of marketing,Marketing
Brand activation manager,Marketing
Brand manager,Marketing
Brand marketing manager,Marketing
Brand strategist,Marketing
Director of brand marketing,Marketing
Director of brand strategy,Marketing
Content director,Marketing
Content manager,Marketing
Content marketing manager,Marketing
Content marketing producer,Marketing
Content specialist,Marketing
Content strategist,Marketing
Content writer,Marketing
Digital marketing manager,Marketing
Digital strategist,Marketing
Director of digital marketing,Marketing
Director of web marketing,Marketing
Director of SEO operations,Marketing
Internet marketing specialist,Marketing
Paid search manager,Marketing
Pay-per-click manager,Marketing
SEM manager,Marketing
SEM specialist,Marketing
SEO manager,Marketing
SEO specialist,Marketing
Web marketing manager,Marketing
Web marketing specialist,Marketing
Campaign manager,Marketing
Demand generation manager,Marketing
Director of email marketing,Marketing
Ecommerce content specialist,Marketing
Ecommerce marketing analyst,Marketing
Ecommerce marketing director,Marketing
Ecommerce marketing manager,Marketing
Email developer,Marketing
Email marketer,Marketing
Email marketing strategist,Marketing
Email operations manager,Marketing
Analyst relations manager,Marketing
Analyst relations specialist,Marketing
Corporate communications assistant,Marketing
Corporate communications manager,Marketing
Director of communications,Marketing
Marketing communications manager,Marketing
Marketing communications specialist,Marketing
Media relations coordinator,Marketing
Public relations manager,Marketing
Publicity assistant,Marketing
Public relations intern,Marketing
Director of market research,Marketing
Insights analyst,Marketing
Market research analyst,Marketing
Market research interviewer,Marketing
Marketing data analyst,Marketing
Product research analyst,Marketing
Qualitative research assistant,Marketing
Affiliate marketing manager,Marketing
Channel marketing director,Marketing
Corporate partnership marketing manager,Marketing
Director of influencer marketing and partnerships,Marketing
Partner marketing advisor,Marketing
Partnership marketing director,Marketing
Partnership marketing manager,Marketing
Digital product marketing manager,Marketing
Director of product marketing,Marketing
Junior product marketing associate,Marketing
Portfolio marketing manager,Marketing
Product marketing manager,Marketing
Senior product marketing manager,Marketing
Solutions marketing manager,Marketing
Community manager,Marketing
Digital communications professional,Marketing
Digital media director,Marketing
Director of social media,Marketing
Director of social media marketing,Marketing
Engagement coordinator,Marketing
Engagement manager,Marketing
Multimedia communications specialist,Marketing
Social media editor,Marketing
Social media manager,Marketing
Social media marketing manager,Marketing
Social media strategist,Marketing
Software Developer,Development
Front-end Developer,Development
Back-end Developer,Development
Full-stack Developer,Development
Web Developer,Development
Mobile Developer,Development
Application Developer,Development
Game Developer,Development
UI/UX Developer,Development
Database Developer,Development
Cloud Developer,Development
DevOps Engineer,Development
Quality Assurance Engineer,Development
Technical Lead,Development
Software Architect,Development
Data Scientist,Development
Machine Learning Engineer,Development
Artificial Intelligence Developer,Development
Blockchain Developer,Development
Security Developer,Development
Embedded Systems Engineer,Development
Firmware Developer,Development
Robotics Engineer,Development
Virtual Reality Developer,Development
Augmented Reality Developer,Development
Graphics Programmer,Development
Audio Programmer,Development
Video Programmer,Development
Compiler Engineer,Development
Big Data Engineer,Development
Cloud Solution Architect,Development
Technical Writer (Development),Development
IT Trainer (Development),Development
IT Consultant (Development),Development
Data Visualisation Developer,Development
Data warehouse programming specialist,Development
Data analytics developer,Development
Cybersecurity hardware engineer,Development
Web Designer,Development
Systems Engineer,Development
Senior Systems Engineer,Development
Data Engineer,Development
Python Developer,Development
Python Integration Developer,Development
Python/Integration Developer,Development
Graphic Designer,Development
Network And Systems Engineer,Development
Senior Network Engineer,Development
Network Engineer,Development
Multimedia Developer,Development
Cloud/software developer,Development
Cloud/software applications engineer,Development
Big data engineer/architect,Development
Cloud system engineer,Development
E-Content Development Specialist,Development
Cyber Security Analyst,Development
Deputy Director Operational Cyber Security,Development
Systems Analyst,Development
Software Analyst,Development
Graduate Analyst / Programmer,Development
Senior Analyst Programmer,Development
Software quality assurance analyst,Development
Java developer,Development
QA Tester,Testing
Software Tester,Testing
Test Engineer,Testing
Automation Tester,Testing
Manual Tester,Testing
Performance Tester,Testing
Test Manager,Testing
Test Lead,Testing
Quality Analyst,Testing
Test Consultant,Testing
Test Specialist,Testing
Test Coordinator,Testing
Test Architect,Testing
Test Automation Engineer,Testing
QA Analyst,Testing
Test Scripter,Testing
Test Designer,Testing
Integration Tester,Testing
Regression Tester,Testing
User Acceptance Tester,Testing
Load Tester,Testing
Security Tester,Testing
Functional Tester,Testing
Non-functional Tester,Testing
Accessibility Tester,Testing
Compatibility Tester,Testing
Usability Tester,Testing
Performance Engineer,Testing
Test Data Analyst,Testing
Test Environment Manager,Testing
Test Operations Engineer,Testing
Test Process Consultant,Testing
3Test Trainer,Testing
Test Strategy Consultant,Testing
Test Center Manager,Testing
Test Program Manager,Testing
Test Tool Developer,Testing
Test Automation Architect,Testing
DevOps Tester,Customer success
Desktop Administrator,Customer success
Helpdesk Technician,Customer success
On-Site Support Engineer,Customer success
Service Desk Officer,Customer success
Service Support Officer,Customer success
Support Officer,Customer success
IT Service Desk Analyst Desktop Support Technician,Customer success
Field Service Technician,Customer success
Field Tech Coordinator,Customer success
IT Support Specialist,Customer success
Tech Support,Customer success
Technical Support Officer,Customer success
Technology Support Officer,Customer success
Systems Administration Field Support Engineer,Customer success
Senior Support Engineer,Customer success
Applications Support Engineer,Customer success
Associate Technical Specialist,Customer success
Senior Technical Specialist,Customer success
Support Technician,Customer success
Customer Support Specialist,Customer success
Technical Support Specialist,Customer success
Help Desk Technician,Customer success
Support Analyst,Customer success
Customer Support Manager,Customer success
Technical Support Manager,Customer success
Help Desk Manager,Customer success
Support Operations Manager,Customer success
Customer Support Engineer,Customer success
Technical Support Engineer,Customer success
Support Team Lead,Customer success
Technical Support Team Lead,Customer success
Support Coordinator,Customer success
Customer Service Representative,Customer success
Support Escalation Engineer,Customer success
Technical Support Specialist II,Customer success
Technical Support Specialist III,Customer success
Tier 1 Support Specialist,Customer success
Tier 2 Support Specialist,Customer success
Tier 3 Support Specialist,Customer success
Customer Support Administrator,Customer success
Technical Support Administrator,Customer success
Desktop Support Technician,Customer success
Client Support Specialist,Customer success
Customer Support Trainer,Customer success
Technical Support Trainer,Customer success
Customer Success Specialist,Customer success
Account Support Specialist,Customer success
Customer Success Manager,Customer success
Customer Support Operations Analyst,Project management 
Project Manager,Project management 
IT Project Manager,Project management 
Technical Project Manager,Project management 
Software Project Manager,Project management 
Digital Project Manager,Project management 
Agile Project Manager,Project management 
Scrum Master,Project management 
Program Manager,Project management 
Portfolio Manager,Project management 
Project Coordinator,Project management 
Project Administrator,Project management 
Project Management Officer,Project management 
Project Analyst,Project management 
Project Scheduler,Project management 
Project Planner,Project management 
Project Lead,Project management 
Project Director,Project management 
Delivery Manager,Project management 
Release Manager,Project management 
Implementation Manager,Project management 
IT Operations Project Manager,Project management 
Technical Program Manager,Project management 
Infrastructure Project Manager,Project management 
Project Risk Manager,Project management 
Project Procurement Manager,Project management 
Change Manager,Project management 
Project Governance Manager,Project management 
Project Management Consultant,Project management 
Project Management Trainer,Project management 
Project Communications Manager,Project management 
Project Documentation Manager,Project management 
Project Quality Assurance Manager,Project management 
Project Budget Manager,Project management 
Project Contract Manager,Project management 
Project Integration Manager,Project management 
Project Stakeholder Manager,Project management 
Project Test Manager,Project management 
Project Resource Manager,Project management 
Project Scoping Manager,Project management 
Assitant Project Manager,Project management 
Senior Project Manager,Project management 
Director of program management,Project management 
Team lead,Product management
Associate product manager,Product management
Product manager,Product management
Product owner,Product management
Group product manager,Product management
Director of product management,Product management
VP of product management,Product management
Bussiness analyst,Product management
Product analyst,Product management
Product Designer,Product management
Product Engineer,Product management
Product Specialist,Product management
Product Design Engineer,Product management
Product Coordinator,Product management
Product Rep,Product management
Product Consultant,Product management
Product Representative,Product management
Senior Product Designer,Product management
Product Management Specialist,Product management
Product Management Analyst,Product management
Product Development Consultant,Product management
Product Design Consultant,Product management
Product Design Lead,Product management
Product Lead,Product management
Product Design Strategist,Product management
Product Development Coordinator,Product management
Product Development Technician,Product management
Product Management Lead,Product management
Product Design Specialist,Product management
Product Strategist,Product management
Product Technician,Product management
Product Generalist,Product management
Senior Product Manager,Product management
Technical Product Manager,Product management
Digital Product Manager,Product management
Software Product Manager,Product management
Principal Product Manager,Product management
Platform Product Manager,Product management
Product Development Manager,Product management
Innovation Manager,Product management
UX Product Manager,Product management
Mobile Product Manager,Product management
Growth Product Manager,Product management
Product Strategy Manager,Product management
Product Analytics Manager,Product management
Product Operations Manager,Product management
Product Design Manager,Product management
Product Portfolio Manager,Product management
Product Enablement Manager,Product management
Product Launch Manager,Product management
Product Manager Intern,Product management
Product Management Consultant,Product management
Business analysis,Product management
Sr. Business analyst,Product management
Business/Functional analyst,Product management
Business analyst - Research ,Product management
BI analyst,Product management
Business intelligence analyst,Product management
Business Analyst,Product management
Product Management Trainer,Product management
Financial Analyst,Finance
Senior Financial Analyst,Finance
Finance Manager,Finance
Senior Finance Manager,Finance
Financial Controller,Finance
Director of Finance,Finance
Accoutant,Finance
Accounting Manager,Finance
Tax Manager,Finance
Treasury Manager,Finance
Financial Planning and Analysis (FP&A) Manager,Finance
Financial Consultant,Finance
Investment Analyst,Finance
Budget Analyst,Finance
Cost Analyst,Finance
Revenue Analyst,Finance
Pricing Analyst,Finance
Financial Systems Analyst,Finance
Financial Reporting Manager,Finance
Audit Manager,Finance
Compliance Manager,Finance
Risk Manager,Finance
Credit Manager,Finance
Collections Manager,Finance
Accounts Receivable Manager,Finance
Accounts Payable Manager,Finance
Payroll Manager,Finance
Procurement Manager,Finance
Financial Advisor,Finance
Equity Research Analyst,Finance
Venture Capitalist,Finance
Private Equity Analyst,Finance
Quantitative Analyst,Finance
Financial Engineer,Finance
Asset Management Analyst,Finance
Fund Accounting Manager,Finance
Investor Relations Manager,Finance
Mergers and Acquisitions (M&A) Manager,Finance
Finance assitant,Finance
Finance coordinator,Finance
Finance administrator,Finance
Financial planner,Finance
Auditor,Finance
Cost estimator,Finance
Finance associate,Finance
Office assistant,Admin
Administrative assistant,Admin
Data entry,Admin
Data entry clerk,Admin
Receptionist,Admin
Office Administrator,Admin
Events Administrator,Admin
Executive Assistant,Admin
Administrative Technician,Admin
Service Administrator,Admin
Administrative Services Manager,Admin
Business Administrator,Admin
Staff Assistant,Admin
Front Desk Supervisor,Admin
Senior Administrative Analyst,Admin
Senior Executive Assistant,Admin
Office Manager,Admin
Human Resources (HR) Administrator,Admin
IT Administrator,Admin
Network Administrator,Admin
Systems Administrator,Admin
Database Administrator,Admin
Server Administrator,Admin
Storage Administrator,Admin
Cloud Administrator,Admin
Security Administrator,Admin
Compliance Administrator,Admin
Virtualization Administrator,Admin
Middleware Administrator,Admin
Application Administrator,Admin
Email Administrator,Admin
Desktop Support Administrator,Admin
Help Desk Administrator,Admin
Service Desk Administrator,Admin
Incident Response Administrator,Admin
Change Management Administrator,Admin
Configuration Management Administrator,Admin
Release Management Administrator,Admin
Facilities Manager,Admin
Procurement Administrator,Admin
Contract Administrator,Admin
Vendor Management Administrator,Admin
Executive Coordinator,Admin
Facilities Coordinator,Admin
IT Operations Coordinator,Admin
IT Support Coordinator,Admin
Compliance Coordinator,Admin
Training Coordinator,Admin
Facilities Assistant,Admin
IT Operations Assistant,Admin
Administrative Director,Admin
Operations Coordinator,Operations
Operations Specialist,Operations
Operations Assistant,Operations
Operations Manager,Operations
Operations Director,Operations
Director of Business Operations,Operations
Business Operations Manager,Operations
Supply Chain Manager,Operations
Logistics Manager,Operations
IT Operations Manager,Operations
Data Center Operations Manager,Operations
Network Operations Manager,Operations
DevOps Manager,Operations
Site Reliability Engineer (SRE),Operations
Process Improvement Manager,Operations
Continuous Improvement Manager,Operations
Lean Six Sigma Manager,Operations
Quality Assurance Manager,Operations
Risk Management Manager,Operations
Vendor Manager,Operations
Partner Operations Manager,Operations
Continuous Improvement Consultant,Operations
Senior Process Engineer,Operations
Business Operations Specialist,Operations
Operations Associate,Operations
Logistician,Operations
Operations Management Consultant,Operations
Operations Engineer,Operations
Operations Geologist,Operations
Business Operations Associate,Operations
Operations Tech,Operations
Operations Management Officer,Operations
Sr. Manager Business Operations & Strategy,Operations
Manager of Operations,Operations
Operations Supervisor,Operations
Office Operations Manager,Operations
General Manager of Operations,Operations
Account Operations Manager,Operations
Senior Manager Business Operations,Operations
Director of Operations,Operations
Operations Management Lead,Operations
Director Business Operations,Operations
Continuous Improvement Lead,Operations
Director of International Operations,Operations
Business Operations Director,Operations
Assistant Director Operations,Operations
Senior Director Business Operations,Operations
Strategy & Operations Leader,Operations
E-Learning Specialist,Marketing
Freelance Web Designer,Development
Frontend Web Developer,Development
Junior Web Designer,Development
Quality Assurance Technician,Customer success
Responsive Web Developer,Development
Web Developer Internship,Development
Control Systems Engineer,Development
Senior/Principal Engineer,Development
Systems Developer Database Applications,Development
Applications Support Analyst,Customer success
Asset Knowledge Systems Analyst,Development
Cluster IT Specialist,Development
Eservices Systems Team Lead,Development
Procurement Sourcing Analyst,Finance
Systems/Data Support Analyst,Customer success
Systems Trainer,Development
Infra Support Analyst,Customer success
Senior Spatial Information Team Leader IT Business Systems,Development
Support Analyst Technical Analyst Officer,Customer success
Client Services And Information Officer,CXO
Network And Systems Administrator,Admin
Systems Manager,Development
Information And User Support Officer,Customer success
Linux Systems Administrator,Admin
People Systems Administrator,Admin
Senior Windows System Administrator,Admin
Software Administrator,Admin
System Administration Support Officer,Customer success
Systems Operation Manager,Development
Enterprise Reporting And Etl Developer,Development
Applications Development Specialist,Development
Engineer,Development
Senior Drupal Developer,Development
Senior Software Engineer,Development
Senior User Experience Designer,Development
Software Application Integrator,Development
Software Engineer,Development
Team Leader Applications Support,Customer success
Enterprise Solution Architect,Development
Implementation Analyst,Finance
Lead Application Analyst,Development
National Applications Specialist,Marketing
Research Intelligence Analyst,Marketing
Senior Application Analyst,Development
Digital Back End Developer,Development
Game Programmer,Development
Machine Programmer,Development
Programmer,Development
Sas Programmer,Development
Sql Programmer,Development
Ui Programmer,Development
Network Project Specialist,Project management 
Network Infrastructure Administrator,Admin
Digital Content Producer,Marketing
Multimedia Coordinator,Marketing
Multimedia Producer,Marketing
Multimedia Specialist,Marketing
Web Producer,Development
Chief Technology Manager,CXO
Client Delivery Manager,Marketing
Category Manager,Marketing
Coordinator,Admin
Program Director,Project management 
Procurement Officer,CXO
Resource Officer,CXO
Information And Communication Technology ICT Officer,CXO
IT Project Administrator,Project management 
Project Manager Information Systems,Project management 
Technical Operations Manager,Operations
Environmental Management Information Systems Emis Consultant,Development
Contracts Specialist,Marketing
Project Support Officer,Customer success
Security Consultant,Development
IT Consultant,Development
Senior IT Recruitment Consultant,Development
Senior Technology Specialist,Marketing
Computer Hardware Engineer,Development
Hardware Engineer,Development
Hardware Test Engineer,Testing
Research Assistant/Junior Engineer,Marketing
Director Service Operations And Security,Operations
Risk And Security Specialist,Development
Security Analyst,Development
Security Specialist,Development
Information Security Manager,Marketing
Information Security Officer,CXO
IT Security Consultant,Development
IT Security Engineer,Development
IT Security Operations Officer,Operations
IT Security Operations Specialist,Operations
IT Security Specialist,Development
Security Sales Specialist Cyber Security,Sales
Senior Systems Officer Security,Development
CSI Technician,Customer success
Computer Service Technician,Customer success
Field Technician,Customer success
Service Technician,Customer success
IT Support Technician,Customer success
IT Systems Technician,Development
Onsite Support Technician,Customer success
IT Continuity Risk Analyst,Development
Pre-Sales Customer Technology Strategist,Sales
Reporting Analyst,Finance
Reporting And Insights Specialist,Marketing
Senior Data Business Analyst,Product management
Senior Digital Reporting Analyst,Marketing
Senior Forecast Analyst,Development
Senior Insights Analyst,Marketing
Team Leader IT Business Systems,Development
Data Analyst And Information Manager,Development
Database Analyst,Development
Database Coordinator/Analyst,Development
E-Health Systems Administrator,Admin
Information Management Officer,CXO
Senior Information Management Specialist,Marketing
Data Analyst / Scientist,Development
Data Science Consultant,Development
Data Scientist – Machine Learning,Development
Director – Data Science,Marketing
Junior Data Analyst / Scientist,Development
Lead Data Scientist,Development
Senior Data Analyst / Scientist,Development
Data Centre Technician,Development
Data Centre Technician Lead,Development
Data Centre IT Support Engineer,Development
Data Centre Facility Management,Development
Data Centre Operations Manager,Operations
Entry Level Data Centre Technician,Development
Technical Consultant,Development
Academic Data Analyst,Development
Associate Data Analyst,Development
Data Analyst,Development
Data Analyst – Digital,Development
Data Classification Analyst,Development
Data Quality Analyst,Development
Digital Data Analyst,Development
Junior Data Analyst,Development
Master Data Analyst,Development
People Data Analyst,Development
Privacy And Data Protection Senior Analyst,Development
Property Data Analyst,Development
Senior Data Analyst,Development
Cloud infrastructure architect,Development
Enterprise architect,Development
IT systems architect,Development
Computer systems manager,Development
Network architect,Development
IT coordinator,Development
Service desk analyst,Customer success
System administrator / sysadmin,Admin
Wireless network engineer,Development
Data quality manager,Development
Database report writer,Marketing
SQL database administrator,Admin
Business intelligence specialist/analyst,Product management
Business systems analyst,Product management
Data modeling analyst,Development
Data warehouse manager,Development
Intelligence specialist,Marketing
Cloud/software architect,Development
Cloud system administrator,Admin
Platform engineer,Development
Reliability engineer,Development
UI user interface designer,Development
UX user experience designer,Development
Application security administrator,Admin
Artificial intelligence security specialist,Development
Cloud security specialist,Development
Cyberintelligence specialist,Marketing
Cryptographer,Development
Digital forensics analyst,Marketing
Information assurance analyst,Development
Security systems administrator,Admin
Help desk support specialist,Customer success
Marketing Director,Marketing
Marketing Research Analyst,Marketing
Public Relations,Marketing
Social Media Assistant,Marketing
Copywriter,Marketing
Media Buyer,Marketing
eCommerce Marketing Specialist,Marketing
Auditing Clerk,Admin
Bookkeeper,Marketing
Branch Manager,Finance
Business Manager,Sales
Quality Control Coordinator,Development
Administrative Manager,Admin
Human Resources,Human Resource
Secretary,Admin
Office Clerk,Admin
File Clerk,Admin
Account Collector,Sales
Administrative Specialist,Admin
Program Administrator,Admin
Administrative Analyst,Admin
Computer Scientist,Development
IT Professional,Development
UX Designer & UI Developer,Development
SQL Developer,Development
Help Desk Worker/Desktop Support,Customer success
Computer Programmer,Development
Information Security Analyst,Development
Artificial Intelligence Engineer,Development
Cloud Architect,Development
IT Manager,Marketing
Technical Specialist,Development
Chief Technology Officer CTO,CXO
Chief Information Officer CIO,CXO
Sales Associate,Sales
Retail Worker,Sales
Store Manager,Marketing
Real Estate Broker,Marketing
Cashier,Finance
Area Sales Manager,Sales
Direct Salesperson,Sales
Director of Inside Sales,Sales
Outside Sales Manager,Sales
Market Development Manager,Development
B2B Sales Specialist,Sales
Merchandising Associate,Marketing
Virtual Assistant,Admin
Customer Service,Customer success
Customer Support,Customer success
Help Desk,Customer success
Customer Service Manager,Customer success
Account Representative,Sales
Client Service Specialist,Customer success
Customer Care Associate,Customer success
Operations Analyst,Operations
Vice President of Operations,Operations
Operations Professional,Operations
Credit Counselor,Finance
Accountant,Finance
Accounting Analyst,Finance
Accounting Director,Marketing
Accounts Payable/Receivable Clerk,Finance
Economist,Marketing
Payroll Clerk,Finance
Financial Services Representative,Finance
Finance Director,Finance
Manual testing,Testing
Technical specialist,Development
AI/ML engineer,Development
HR,Human Resource
Exceutive hr,Human Resource
Data scientist,Development
Business development representative,Admin
Marketing executive,Marketing
Admin,Admin
BA intern,Product management
Business analysis,Product management
Business analyst,Product management
QA Analyst,Testing
Analyst,Development
Assitant manager hr,Human Resource
Database Administrator,Development
Development manager ,Development
Service delivery manager,Customer success
React js developer,Development
Angular js developer,Development
Full stack developer,Development
Dot net developer,Development
assistant manager hr operations,Human Resource
Associate recruiter,Human Resource
azure administrator,Development
Executive admin,Admin
Frontend react js developer,Development
Veujs frondend developer,Development
graphics design intern,Development
Hr executive,Human Resource
Hr manager,Human Resource
Recruiter,Human Resource
Jr python developer,Development
Sr python developer,Development
Qa engineer,Testing
Jr recruiter,Human Resource
Junior software developer,Development
Senior Software developer,Development
Jr software developer,Development
Junior test automation engineer,Testing
Lead recruiter,Development
Mangento developer,Development
Magento api developer,Development
Manual qa,Testing
Mobile app designer,Development
ios app developer,Development
ios developer,Development
nodejs developer,Development
nodejs lead developer,Development
nodejs vuejs fullstack developer,Development
performance test engineer,Testing
postgresql developer,Development
power bi developer,Development
program manager,Project management 
project cocoordinator,Project management 
project coordination lead,Project management 
project lead,Project management 
project leader,Project management 
project lead manager,Project management 
projects lead team manager,Product management
protec additional developer net mvc aspnet,Development
python developer,Development
python django developer,Development
python lead,Development
qa,Testing
qa analyst,Testing
qa coach senior quality assurance analyst,Testing
application support,Customer success
application support analyst,Customer success
Devops Engineer,Development
CTO,CXO
Team lead,Development
Customer relationship manager,Customer success
Junior architect,Development
Business support executive,Admin
Associate,Development
Associate analyst,Development
Devops,Development
Auditor,Finance
Audit lead,Finance
Teacher,Others
Principal,Others
School Counselor,Others
Librarian,Others
University Professor,Others
Academic Dean,Others
Researcher,Others
Laboratory Technician,Others
Architect,Others
Civil Engineer,Others
Mechanical Engineer,Others
Electrical Engineer,Others
Chemical Engineer,Others
Pharmacist,Others
Registered Nurse,Others
Dentist,Others
Physician,Others
Surgeon,Others
Pediatrician,Others
Cardiologist,Others
Optometrist,Others
Veterinarian,Others
Physiotherapist,Others
Occupational Therapist,Others
Psychologist,Others
Nutritionist,Others
Dietitian,Others
Social Worker,Others
Lawyer,Others
Paralegal,Others
Judge,Others
Police Officer,Others
Firefighter,Others
Paramedic,Others
Pilot,Others
Air Traffic Controller,Others
Chef,Others
Baker,Others
Farmer,Others
Agriculturist,Others
Biologist,Others
Chemist,Others
Geologist,Others
Meteorologist,Others
Accountant,Others
Financial Planner,Others
Banker,Finance
Sales Representative,Sales
Real Estate Agent,Others
Journalist,Others
Museum Curator,Others
Archivist,Others
Flight Attendant,Others
Hotel Manager,Others
Event Planner,Others
Landscape Designer,Others
Horticulturist,Others
Marine Biologist,Others
Zoologist,Others
Forester,Others
Botanist,Others
Anthropologist,Others
Archeologist,Others
Sociologist,Others
Illustrator,Others
Graphic Designer,Others
Translator,Others
Interpreter,Others
Playwright,Others
Actor,Others
Musician,Others
Composer,Others
Film Director,Others
Cinematographer,Others
Editor (Film or Print),Others
Fashion Designer,Others
Choreographer,Others
Makeup Artist,Others
Sculptor,Others
Art Therapist,Others
Athletic Trainer,Others
Coach,Others
Fitness Instructor,Others
Lifeguard,Others
Fisherman,Others
Brewer,Others
Winemaker,Others
Sommelier,Others
Barista,Others
Construction Manager,Others
Surveyor,Others
Urban Planner,Others
Barber,Others
Hairstylist,Others
Cosmetologist,Others
Esthetician,Others
Auctioneer,Others
Gemologist,Others
Blacksmith,Others
Carpenter,Others
Jeweler,Others
Pastry Chef,Others
Butcher,Others
Milliner (hat maker),Others
Tailor,Others
Shoemaker (Cobbler),Others
Seamstress,Others
Potter,Others
Glassblower,Others
Watchmaker,Others
Florist,Others
Photographer,Others
Radio Broadcaster,Others
News Anchor,Others
Marine Captain,Others
Shipwright,Others
Dancer,Others
Sculptor,Others
Opera Singer,Others
Stage Director,Others
Novelist,Others
Poet,Others
Literary Critic,Others
Bookbinder,Others
Calligrapher,Others
Game Warden,Others
Park Ranger,Others
Tour Guide,Others
Beekeeper,Others
Fishery Biologist,Others
Sound Technician,Others
Lighting Designer,Others
Stagehand,Others
Costume Designer,Others
Prop Master,Others
Set Designer,Others
Geophysicist,Others
Astrophysicist,Others
Ornithologist,Others
Ethologist (studies animal behavior),Others
Oceanographer,Others
Cartographer (map maker),Others
Demographer (studies populations),Others
Epistemologist (studies knowledge),Others
Entomologist (studies insects),Others
Ichthyologist (studies fish),Others
Herpetologist (studies reptiles and amphibians),Others
Radiologist,Others
Anesthetist,Others
Midwife,Others
Chiropractor,Others
Optician,Others
Reflexologist,Others
Prosthodontist (specializes in dental prosthetics),Others
Gerontologist (studies aging),Others
Numismatist (studies coins),Others
Philatelist (studies stamps),Others
Luthier (makes stringed musical instruments),Others
Farrier (shoes horses),Others
Taxidermist,Others
Ethnobotanist (studies plants' relationships with cultures),Others
Mycologist (studies fungi),Others
Mineralogist (studies minerals),Others
Volcanologist,Others
Seismologist (studies earthquakes),Others
Arborist (tree specialist),Others
Falconer,Others
Horologist (studies timekeeping),Others
Embalmer,Others
Paleontologist,Others
Software architect,Development
SQL,Development
GET,Development
Associate,Development
